{"G-Mean":{"No Finding":0.5235059261,"Mass":0.1676891446,"Nodule":0.3386839926,"Lung Opacity":0.3420183063,"Patchy Opacity":0.1072574407,"Reticular Opacity":0.2168807238,"Reticulonodular Opacity":0.1147183776,"Nodular Opacity":0.3092115819,"Linear Opacity":0.2158817798,"Nipple Shadow":0.1284205317,"Osteoporosis":0.2516694367,"Osteopenia":0.073444359,"Osteolytic Lesion":0.1020765156,"Fracture":0.2107566297,"Healed Fracture":0.1080176532,"Old Fracture":0.1974349767,"Spondylosis":0.2400458008,"Scoliosis":0.1630105823,"Sclerotic Lesion":0.2411484718,"Mediastinal Mass":0.2328895181,"Cardiomegaly":0.3174421787,"Pleural Effusion":0.064485006,"Pleural Thickening":0.2562152445,"Edema":0.2529255748,"Hiatal Hernia":0.0001596864,"Pneumothorax":0.1064764559,"Atelectasis":0.2981316447,"Subsegmental Atelectasis":0.0192406774,"Elevation Of Hemidiaphragm":0.0415852666,"Tracheal-Mediastinal Shift":0.0165332481,"Volume Loss":0.0414264016,"Bronchiectasis":0.0306357164,"Enlarged Hilum":0.0021669401,"Atherosclerosis":0.2975922525,"Tortuous Aorta":0.2765542567,"Calcified Tortuous Aorta":0.2888744473,"Calcified Aorta":0.2705023587,"Support Devices":0.2062128037,"Surgical Material":0.3131349683,"Suboptimal Inspiration":0.2041009516},"F1_Score":{"No Finding":0.7269027233,"Mass":0.7725239396,"Nodule":0.8013372421,"Lung Opacity":0.7482322454,"Patchy Opacity":0.5359245539,"Reticular Opacity":0.4503614902,"Reticulonodular Opacity":0.4771852791,"Nodular Opacity":0.4323462546,"Linear Opacity":0.5256645083,"Nipple Shadow":0.3886944056,"Osteoporosis":0.4725725055,"Osteopenia":0.272934109,"Osteolytic Lesion":0.4724203646,"Fracture":0.6144983768,"Healed Fracture":0.3865743577,"Old Fracture":0.3951565027,"Spondylosis":0.5372399688,"Scoliosis":0.5373501778,"Sclerotic Lesion":0.3431083262,"Mediastinal Mass":0.4431583881,"Cardiomegaly":0.9326472282,"Pleural Effusion":0.9724723697,"Pleural Thickening":0.4541008174,"Edema":0.6881251931,"Hiatal Hernia":0.0104871951,"Pneumothorax":0.3641204238,"Atelectasis":0.5582134128,"Subsegmental Atelectasis":0.3209820092,"Elevation Of Hemidiaphragm":0.3945342004,"Tracheal-Mediastinal Shift":0.4342620075,"Volume Loss":0.3651944399,"Bronchiectasis":0.5091456771,"Enlarged Hilum":0.2297301441,"Atherosclerosis":0.5671480298,"Tortuous Aorta":0.5330782533,"Calcified Tortuous Aorta":0.5241223574,"Calcified Aorta":0.3682714701,"Support Devices":0.4471218288,"Surgical Material":0.4201593697,"Suboptimal Inspiration":0.5435699821}}